romdasSpikes,calcSpikesY,calcSpikesX,calcSpikesZ,iri,meanY,sdY,meanX,sdX,meanZ,sdZ,romLog,iroadLog,speed,gpsSpeed
1214,10,0,34,3.95,0.043728722,0.034808154,7.52E-08,9.76E-08,0.042291928,0.040095175,3.084218687,1,27.4244,132.5084712
1403,18,0,38,4.17,0.059806192,0.046437834,6.56E-08,5.26E-08,0.060578886,0.066319388,3.147057671,1.255272505,36.5919,20.82635273
1268,19,0,63,4.02,0.061239329,0.054921833,9.58E-08,8.72E-08,0.133644362,0.11485425,3.103119254,1.278753601,40.74295,27.72208121
943,11,0,56,3.64,0.053994731,0.04356448,7.95E-08,7.16E-08,0.104013838,0.088789507,2.974511693,1.041392685,43.00969,22.19689788
1715,231,0,377,4.54,0.081962859,0.05798974,1.06E-07,1.45E-07,0.108971099,0.075523609,3.234264124,2.36361198,6.030806,54.06821707
1282,24,0,44,4.04,0.055991451,0.043143232,1.10E-07,1.07E-07,0.050451692,0.052272321,3.107888025,1.380211242,26.87505,11.94330846
1098,14,0,51,3.82,0.064217221,0.061989891,6.42E-08,6.65E-08,0.085587251,0.086764651,3.04060234,1.146128036,39.12314,18.70341122
901,12,0,58,3.59,0.05207079,0.036937798,6.66E-08,6.45E-08,0.105292521,0.085866157,2.954724791,1.079181246,42.61942,21.97897351
1001,14,0,49,3.72,0.060232202,0.046819949,7.37E-08,9.20E-08,0.106200987,0.094272593,3.000434077,1.146128036,44.5704,24.26218199
1049,9,0,28,3.76,0.058575856,0.040819168,6.34E-08,8.57E-08,0.088234323,0.09915037,3.020775488,0.954242509,43.6329,23.16973633
1258,18,0,58,4,0.062384722,0.046777119,9.52E-08,9.08E-08,0.130029641,0.105740956,3.099680641,1.255272505,43.68532,27.9410658
1646,20,0,40,4.46,0.068910873,0.056783506,9.51E-08,8.88E-08,0.048567707,0.042879271,3.216429831,1.301029996,35.87409,24.47583137
1475,19,0,29,4.26,0.057120341,0.042382813,1.00E-07,1.16E-07,0.043295084,0.043925858,3.16879202,1.278753601,39.78759,22.10864646
1153,27,0,51,3.88,0.083509756,0.05863117,9.87E-08,8.60E-08,0.122101907,0.110613422,3.061829307,1.431363764,44.95398,26.97838482
1099,17,0,32,3.82,0.056769652,0.043588647,1.26E-07,1.87E-07,0.04045218,0.028850565,3.040997692,1.230448921,39.34967,26.36373734
1606,90,0,196,4.41,0.065469681,0.050949956,1.01E-07,1.20E-07,0.084207121,0.076894493,3.205745541,1.954242509,9.373343,78.2403221
1082,11,0,45,3.8,0.045803789,0.035349964,6.87E-08,8.28E-08,0.040725858,0.047944485,3.034227261,1.041392685,23.83325,18.30585619
1007,8,0,30,3.72,0.048491245,0.033395401,7.74E-08,9.37E-08,0.043273022,0.035546077,3.003029471,0.903089987,38.14687,23.3377006
749,15,0,42,3.41,0.060082651,0.048180674,5.07E-08,5.76E-08,0.079944959,0.070203831,2.874481818,1.176091259,46.24817,24.39628658
734,16,0,43,3.41,0.060499532,0.041083996,3.56E-08,4.16E-08,0.076102827,0.063386276,2.86569606,1.204119983,48.13067,31.86072648
993,15,0,22,3.7,0.07080042,0.057621652,6.09E-08,5.21E-08,0.046768563,0.038452231,2.996949248,1.176091259,45.06194,27.76088229
851,9,0,37,3.53,0.051260754,0.034489168,6.79E-08,7.33E-08,0.077090859,0.076754758,2.92992956,0.954242509,43.68497,17.53891693
778,7,0,34,3.45,0.050712872,0.036954696,4.60E-08,5.02E-08,0.051163776,0.050054951,2.890979597,0.84509804,45.55822,16.00232967
1233,26,0,54,3.97,0.068966847,0.057305933,6.62E-08,6.26E-08,0.092827422,0.071426867,3.090963077,1.414973348,43.5762,11.07682701
1118,15,0,24,3.84,0.061799126,0.046804744,6.96E-08,6.14E-08,0.048941719,0.053434426,3.048441804,1.176091259,39.09121,7.793696763
1829,23,0,71,4.67,0.038664877,0.036663255,8.23E-08,1.02E-07,0.03415246,0.044922271,3.262213705,1.361727836,8.196721,93.1866497
2290,81,0,176,5.2,0.046988186,0.037355417,8.31E-08,9.22E-08,0.049002719,0.069210659,3.359835482,1.908485019,4.518864,25.57816646
2743,232,0,423,5.73,0.062784444,0.04830298,5.63E-08,6.43E-08,0.064229659,0.062760653,3.438225808,2.365487985,3.382298,34.31882237
2642,51,0,102,5.6,0.081271105,0.072059568,1.11E-07,1.28E-07,0.095695465,0.117280479,3.421932813,1.707570176,20.78047,86.32902867
2177,28,0,56,5.07,0.069291186,0.054085339,2.04E-07,1.90E-07,0.074760146,0.09602213,3.337858429,1.447158031,28.06631,20.62596307
3531,48,0,90,6.64,0.081973332,0.087344147,1.07E-07,9.95E-08,0.091114993,0.115996346,3.547897718,1.681241237,19.43794,16.71202435
1380,14,0,46,4.15,0.06331692,0.04695603,7.31E-08,7.27E-08,0.071237265,0.089854297,3.139879086,1.146128036,35.41629,22.60908599
1282,16,0,33,4.03,0.074662018,0.054611597,6.23E-08,7.50E-08,0.105326717,0.104759156,3.107888025,1.204119983,42.61532,3420.119316
1590,23,0,53,4.39,0.081095388,0.06775846,7.20E-08,7.89E-08,0.117894403,0.099225019,3.201397124,1.361727836,47.89168,24.15997754
1578,20,0,45,4.37,0.071730278,0.056181998,6.72E-08,8.14E-08,0.081503811,0.074792647,3.198106999,1.301029996,46.8613,30.97477604
1797,41,0,48,4.62,0.099311479,0.062923879,9.14E-08,9.91E-08,0.093237601,0.089860602,3.254548077,1.612783857,47.59457,30.66711652
1374,28,0,50,4.15,0.090065628,0.076417935,7.65E-08,8.46E-08,0.117008773,0.121487503,3.137986733,1.447158031,45.64858,31.59401453
1296,24,0,38,4.05,0.079931062,0.059482656,8.15E-08,9.73E-08,0.088394929,0.101556794,3.112605002,1.380211242,46.95882,26.49908846
803,9,0,34,3.48,0.049563259,0.040071028,6.89E-08,5.42E-08,0.061141995,0.050329616,2.904715545,0.954242509,49.25392,26.68073567
881,11,0,38,3.57,0.056134827,0.040765964,2.16E-07,1.78E-07,0.099260203,0.145658754,2.944975908,1.041392685,45.30252,29.49581867
1411,12,0,22,4.19,0.09028649,0.071199511,1.96E-07,1.58E-07,0.078927864,0.08114243,3.149527014,1.079181246,46.92212,52.05337274
1302,22,0,28,4.05,0.07896907,0.05441948,8.12E-08,7.73E-08,0.050372197,0.066743451,3.114610984,1.342422681,47.95366,24.06385409
1397,21,0,40,4.17,0.076569094,0.070615675,6.68E-08,8.05E-08,0.06695852,0.061041158,3.145196406,1.322219295,46.93601,21.47464518
1174,18,0,41,3.91,0.073635573,0.065654153,7.34E-08,7.83E-08,0.083201859,0.093766387,3.069668097,1.255272505,47.59616,27.84928585
1023,14,0,42,3.73,0.060897996,0.055372018,5.74E-08,6.13E-08,0.074543596,0.068199894,3.009875634,1.146128036,49.43578,30.53204506
1255,15,0,36,4,0.067254388,0.069214266,7.29E-08,8.77E-08,0.065151678,0.073475658,3.098643726,1.176091259,47.22002,28.08755284
1162,8,0,44,3.89,0.055072556,0.042376539,7.26E-08,6.92E-08,0.086149055,0.094475219,3.065206128,0.903089987,43.50798,27.95534185
1815,25,0,45,4.65,0.090211211,0.090883597,1.25E-07,1.14E-07,0.083107569,0.081818467,3.258876629,1.397940009,41.8323,23.07842574
2261,17,0,39,5.17,0.061402771,0.052538027,7.23E-08,8.24E-08,0.071206517,0.083600861,3.354300562,1.230448921,32.2732,21.38007665
1668,19,0,53,4.48,0.058707626,0.041479178,4.47E-08,4.03E-08,0.06534589,0.049009244,3.222196046,1.278753601,33.69488,17.60427308
1723,17,0,41,4.54,0.061824025,0.047694565,9.51E-08,1.44E-07,0.054245557,0.052208351,3.236285277,1.230448921,36.2356,18.14260163
1566,10,0,48,4.36,0.045935071,0.033637394,9.91E-08,9.25E-08,0.043547899,0.046403784,3.194791758,1,20.93091,16.86965775
1818,23,0,64,4.65,0.043738804,0.042803269,1.08E-07,1.36E-07,0.043620574,0.063041015,3.259593879,1.361727836,12.93279,65.86453253
2483,37,0,54,5.42,0.101808818,0.102621378,7.55E-08,7.12E-08,0.094081928,0.107760895,3.39497672,1.568201724,34.56918,18.11110797
1812,13,0,56,4.64,0.054869464,0.040933812,8.82E-08,7.70E-08,0.097025445,0.106011277,3.258158193,1.113943352,35.33289,22.58328702
1987,33,0,56,4.85,0.115621915,0.161943957,1.41E-07,1.53E-07,0.134511178,0.174287068,3.298197867,1.51851394,38.73435,24.77418234
1746,32,0,127,4.57,0.037360319,0.03251962,1.15E-07,1.51E-07,0.034086802,0.029324973,3.242044239,1.505149978,6.246203,109.9783133
2963,47,0,79,5.98,0.075256062,0.056952513,9.79E-08,1.01E-07,0.086345155,0.089488484,3.471731651,1.672097858,20.50372,10.51303592
1725,18,0,51,4.55,0.053927731,0.049280232,1.59E-07,2.21E-07,0.06231235,0.068765479,3.236789099,1.255272505,27.81204,42.02596729
1356,15,0,46,4.12,0.054784894,0.055344683,1.17E-07,1.24E-07,0.049876393,0.055878221,3.13225969,1.176091259,25.89003,10.1546905
1222,12,0,36,3.97,0.050778756,0.038564616,6.45E-08,6.35E-08,0.048302,0.046952544,3.087071206,1.079181246,34.09092,10.74725867
1148,9,0,43,3.88,0.051273958,0.039279527,7.05E-08,7.21E-08,0.094296138,0.089240513,3.059941888,0.954242509,49.23385,16.27274999
1112,16,0,28,3.83,0.077560865,0.071788478,7.63E-08,7.82E-08,0.078717607,0.084262426,3.046104787,1.204119983,52.82175,16.76946932
1560,18,0,25,4.37,0.0843956,0.060051719,8.45E-08,7.61E-08,0.055719721,0.046545269,3.193124598,1.255272505,52.27419,18.01492546
1614,24,0,47,4.42,0.083887649,0.059034077,8.80E-08,8.94E-08,0.10075004,0.110557493,3.20790353,1.380211242,48.46455,19.36389953
1332,16,0,30,4.09,0.071836403,0.05956058,7.24E-08,7.15E-08,0.052671973,0.047921008,3.124504225,1.204119983,48.03193,13.45020345
1299,20,0,38,4.05,0.074153216,0.064061886,6.06E-08,4.99E-08,0.06659456,0.064965829,3.113609151,1.301029996,45.01108,12.56118995
1039,21,0,31,3.75,0.074772946,0.059387478,7.45E-08,8.04E-08,0.061582716,0.067359916,3.016615548,1.322219295,43.43105,12.54111426
2347,35,0,50,5.27,0.082520729,0.073500979,1.85E-07,2.26E-07,0.074828109,0.099569316,3.37051309,1.544068044,32.57866,8.329034578
3241,43,0,71,6.3,0.096707425,0.084588916,1.16E-07,1.41E-07,0.129543196,0.145114573,3.510679031,1.633468456,31.39701,17.16794686
1822,22,0,38,4.66,0.094524767,0.106946705,9.96E-08,1.02E-07,0.124921098,0.156809434,3.260548373,1.342422681,45.35276,75.57776604
1572,18,0,45,4.37,0.064291462,0.054522642,7.54E-08,8.48E-08,0.093463636,0.088694795,3.196452542,1.255272505,46.82217,28.0651951
1148,18,0,33,3.88,0.066887529,0.054896456,1.11E-07,1.38E-07,0.078195504,0.113301986,3.059941888,1.255272505,48.22147,36.88679909
1617,26,0,36,4.42,0.088274538,0.066270675,5.84E-08,6.18E-08,0.069886205,0.066974092,3.20871002,1.414973348,49.37295,29.2057334
1603,30,0,42,4.4,0.097885041,0.077142099,1.03E-07,1.16E-07,0.095804211,0.115566302,3.204933522,1.477121255,47.85392,28.90275346
2137,29,0,56,5.02,0.075309734,0.060020054,1.28E-07,1.65E-07,0.069198059,0.065850929,3.329804522,1.462397998,29.09501,16.11824311
2270,28,0,73,5.18,0.059382318,0.0567076,1.57E-07,2.13E-07,0.057771758,0.063795434,3.356025857,1.447158031,19.02314,35.82239041
2082,41,0,60,4.96,0.084899207,0.066901563,8.40E-08,9.45E-08,0.084102035,0.088904919,3.318480725,1.612783857,30.50165,17.66573912
983,16,0,45,3.69,0.05765475,0.046779921,1.09E-07,1.09E-07,0.091559908,0.091949975,2.992553518,1.204119983,44.21159,19.0724331
1239,37,0,28,3.98,0.10396103,0.0651615,9.44E-08,1.32E-07,0.097514117,0.172009492,3.093071306,1.568201724,45.09156,7.500585807
1370,6,0,8,4.13,0.068867872,0.053357852,1.68E-07,1.26E-07,0.063587713,0.056001715,3.136720567,0.77815125,42.02905,9.741624451
2307,21,0,50,5.22,0.061219744,0.057284233,8.47E-08,8.86E-08,0.063974822,0.069408645,3.363047595,1.322219295,25.99422,16.64682239
3195,46,0,91,6.25,0.08937129,0.079507732,2.43E-07,2.63E-07,0.154364809,0.238482064,3.504470862,1.662757832,24.58207,10.7062312
2180,42,0,55,5.07,0.083423259,0.057724598,1.57E-07,1.81E-07,0.087601502,0.134991628,3.338456494,1.62324929,29.12,16.54511063
2306,42,0,58,5.22,0.111342227,0.08801527,1.06E-07,1.54E-07,0.155015908,0.212460287,3.362859303,1.62324929,38.50161,41.4316684
2936,54,0,69,5.95,0.174070578,0.151432576,1.92E-07,2.15E-07,0.185194836,0.237363702,3.467756051,1.73239376,39.3046,26.73575424
1916,24,0,56,4.76,0.075587122,0.066976287,6.50E-08,6.99E-08,0.097115932,0.077231669,3.282395505,1.380211242,40.65195,23.76937814
2744,27,0,125,5.73,0.034917871,0.030944421,6.09E-08,1.15E-07,0.031664916,0.024054724,3.438384107,1.431363764,4.299988,38.90773831
2452,45,0,71,5.39,0.077252906,0.06760891,9.18E-08,9.72E-08,0.070113317,0.068097143,3.389520466,1.653212514,24.97672,17.81582003
1955,25,0,64,4.81,0.067860424,0.062458226,8.49E-08,8.69E-08,0.088001702,0.083921585,3.291146762,1.397940009,31.13924,17.41356469
2590,39,0,90,5.55,0.08442062,0.0755158,1.73E-07,1.94E-07,0.125614655,0.161557513,3.413299764,1.591064607,26.61461,16.0926851
2767,58,0,73,5.76,0.09215374,0.064758877,1.01E-07,9.97E-08,0.075991005,0.072709267,3.442009159,1.763427994,27.42945,3.688648302
2023,37,0,61,4.89,0.081344819,0.074556357,1.21E-07,1.62E-07,0.066131401,0.070969917,3.305995883,1.568201724,27.23,10.46526093
1636,11,0,29,4.44,0.063853744,0.058973824,8.98E-08,8.65E-08,0.083135703,0.088312358,3.213783299,1.041392685,42.5839,5448.524537
1595,28,0,55,4.4,0.077063049,0.058847339,1.27E-07,1.55E-07,0.166474427,0.153454396,3.202760687,1.447158031,47.19894,32.38214081
1819,22,0,48,4.65,0.084936191,0.075261446,6.88E-08,5.54E-08,0.112541217,0.106235157,3.259832699,1.342422681,47.1703,30.36825518
1597,23,0,50,4.4,0.071750439,0.062536141,1.11E-07,1.22E-07,0.12587335,0.114803964,3.203304916,1.361727836,47.23257,25.62430609
1590,25,0,37,4.39,0.075558664,0.059333588,8.00E-08,8.79E-08,0.065548408,0.059486708,3.201397124,1.397940009,43.9415,28.87990952
2547,201,0,490,5.5,0.04046041,0.032992231,9.13E-08,9.74E-08,0.042676051,0.065054733,3.406028945,2.303196057,1.259821,4.376309186
2265,32,0,101,5.17,0.052816091,0.045673704,1.04E-07,1.23E-07,0.074770204,0.095488524,3.355068206,1.505149978,14.05683,210.7150648
1751,21,0,72,4.58,0.055140298,0.046031912,9.56E-08,9.97E-08,0.070995987,0.078628006,3.243286146,1.322219295,23.06947,29.48867421
3701,59,0,128,6.84,0.06103938,0.0572332,1.26E-07,1.65E-07,0.068055449,0.090469449,3.568319085,1.770852012,11.21983,279.4365779
3342,54,0,87,6.42,0.098648205,0.07560769,1.15E-07,1.13E-07,0.109012116,0.123892276,3.524006446,1.73239376,22.93266,14.34518214
3798,52,0,91,6.95,0.090797415,0.081755106,7.15E-08,7.21E-08,0.090188141,0.090482859,3.57955496,1.716003344,21.73227,13.52040161
3397,61,0,91,6.48,0.110050373,0.094683415,1.11E-07,1.16E-07,0.147749282,0.14757056,3.531095547,1.785329835,26.95687,15.96521679
2191,37,0,78,5.09,0.050170465,0.045236156,1.00E-07,1.19E-07,0.038728792,0.06291232,3.340642378,1.568201724,8.802846,164.9519756
3481,50,0,85,6.58,0.090368567,0.077513379,1.03E-07,1.05E-07,0.089170899,0.090522553,3.541704023,1.698970004,24.31356,131.3303009
2271,28,0,44,5.18,0.093261549,0.071139254,7.73E-08,8.54E-08,0.091452533,0.098141381,3.356217134,1.447158031,34.76659,1381.888055
1840,34,0,58,4.68,0.081602055,0.062165655,9.07E-08,9.21E-08,0.10940052,0.107820729,3.264817823,1.531478917,35.74283,22.32758325
1606,14,0,51,4.41,0.056518793,0.043595402,7.08E-08,7.75E-08,0.071601125,0.075035138,3.205745541,1.146128036,36.59265,23.18342834
1963,30,0,65,4.82,0.082327061,0.057176662,8.56E-08,8.31E-08,0.082049573,0.070215662,3.2929203,1.477121255,35.13454,21.54945006
3043,101,0,100,6.08,0.051309177,0.041778564,8.46E-08,1.27E-07,0.027307182,0.044162461,3.483301952,2.004321374,4.218425,35.47595734
1847,30,0,68,4.69,0.075166615,0.074611577,8.62E-08,8.74E-08,0.071367759,0.068430889,3.266466895,1.477121255,28.38968,19.9143125
4132,67,0,344,7.34,0.047221788,0.047104377,8.10E-08,9.27E-08,0.067961268,0.080229331,3.616160313,1.826074803,3.516234,38.01346032
1293,17,0,44,4.05,0.057772822,0.04543075,7.39E-08,8.62E-08,0.068917833,0.081247736,3.111598525,1.230448921,36.92331,23.43781071
1708,17,0,54,4.53,0.062376936,0.065386754,1.27E-07,1.10E-07,0.091957867,0.096460412,3.232487866,1.230448921,39.99744,23.52568617
1546,19,0,48,4.34,0.071174023,0.07293242,8.95E-08,8.23E-08,0.096369741,0.118341261,3.18920949,1.278753601,38.51843,22.62512879
2094,30,0,61,4.97,0.042021049,0.042938746,1.05E-07,1.36E-07,0.035027782,0.064289463,3.320976677,1.477121255,10.13229,64.71938661
3798,64,0,73,6.94,0.143578069,0.128783188,1.10E-07,1.06E-07,0.111126702,0.112134361,3.57955496,1.806179974,30.33621,17.11141665
1163,17,0,39,4.01,0.070192676,0.040354397,6.70E-08,6.09E-08,0.065089798,0.062598716,3.065579715,1.230448921,39.16737,28.21313226
1694,17,23,0,4.51,0.059509275,0.039537663,96.23738352,88.98031542,8.97E-09,7.94E-09,3.228913406,1.230448921,28.31581,12.03540634
1461,23,10,0,4.24,0.05771172,0.051073927,64.03063756,52.24019986,5.90E-09,6.27E-09,3.164650216,1.361727836,28.58815,23.51843497
1303,10,12,0,4.06,0.044633231,0.039388521,54.55901238,53.25490416,5.95E-09,6.98E-09,3.114944416,1,30.83205,20.05945454
1502,18,2,0,4.29,0.062368484,0.03724423,43.06160271,38.69671734,3.86E-09,3.07E-09,3.176669933,1.255272505,33.64923,17.72098187
1026,14,12,0,3.74,0.053074479,0.046694153,72.77319434,61.63752988,6.25E-09,6.77E-09,3.011147361,1.146128036,40.63288,23.09311519
963,11,15,0,3.66,0.047971551,0.041816697,78.35425663,62.10872801,8.40E-09,8.16E-09,2.983626287,1.041392685,43.29777,25.4875379
740,4,1,0,3.41,0.04178971,0.03200473,37.11633431,34.74407671,3.94E-09,3.37E-09,2.86923172,0.602059991,45.76267,25.9057791
747,9,9,0,3.41,0.04909874,0.037888435,60.2277947,65.15242674,5.81E-09,5.91E-09,2.873320602,0.954242509,47.28694,28.00121971
1318,23,22,0,4.08,0.07324888,0.059213043,87.76816908,71.31304102,8.50E-09,5.75E-09,3.11991541,1.361727836,39.03063,26.52666094
846,12,5,0,3.53,0.059472389,0.049196156,67.88674636,54.14659075,6.47E-09,4.97E-09,2.927370363,1.079181246,44.93259,23.45073922
1157,15,42,0,3.89,0.056251727,0.04303171,135.4435262,112.4062989,1.15E-08,1.17E-08,3.063333359,1.176091259,33.19581,21.86382967
1092,4,3,0,3.81,0.040315591,0.028306171,39.55194832,35.87064985,5.06E-09,4.47E-09,3.038222638,0.602059991,35.16841,19.99830337
821,3,9,0,3.5,0.042413896,0.033875809,48.23198348,47.0502204,6.28E-09,5.64E-09,2.914343157,0.477121255,41.78107,25.85907673
840,10,5,0,3.52,0.051824408,0.037318785,42.58420061,42.04752526,5.45E-09,4.81E-09,2.924279286,1,41.94689,22.93274222
651,13,9,0,3.3,0.054076815,0.037719155,57.18762103,52.04325104,7.11E-09,5.94E-09,2.813580989,1.113943352,43.32965,26.96063365
677,12,17,0,3.33,0.049149864,0.044908103,90.38037718,79.82197175,9.09E-09,8.93E-09,2.830588669,1.079181246,44.77316,23.3317918
801,8,11,0,3.47,0.049179218,0.03865524,69.89823517,78.34982598,6.02E-09,4.97E-09,2.903632516,0.903089987,44.26526,30.52131833
877,11,19,0,3.56,0.061194473,0.04856176,100.1208237,90.28983269,8.34E-09,7.47E-09,2.942999593,1.041392685,45.64843,88.07337412
981,12,19,0,3.68,0.055298265,0.042381755,95.00133825,92.80476339,9.48E-09,8.92E-09,2.991669007,1.079181246,42.79707,27.35008106
855,21,6,0,3.54,0.066634013,0.054165829,52.22960295,46.88081343,5.11E-09,5.05E-09,2.931966115,1.322219295,43.43342,22.71850972
946,17,11,0,3.64,0.061738657,0.046345494,74.34340459,95.13016592,6.79E-09,7.32E-09,2.975891136,1.230448921,45.53322,21.44371865
654,5,6,0,3.31,0.040555161,0.037268445,68.16353317,67.40116617,8.06E-09,8.01E-09,2.815577748,0.698970004,47.81795,28.05781967
660,6,9,0,3.31,0.054869211,0.034716258,70.2159047,56.45932079,5.92E-09,5.01E-09,2.819543936,0.77815125,48.51104,25.79953718
667,15,7,0,3.32,0.060368779,0.040669783,67.20493138,77.44344039,8.16E-09,7.60E-09,2.824125834,1.176091259,44.81137,25.01704199
1021,11,26,0,3.73,0.053453827,0.05012148,103.2836055,90.84124204,1.04E-08,1.14E-08,3.009025742,1.041392685,39.8401,26.21361448
918,9,2,0,3.61,0.05491866,0.04867738,38.36194273,34.77502586,2.75E-09,2.27E-09,2.962842681,0.954242509,42.30988,24.8835962
818,13,2,0,3.49,0.058454895,0.040581055,33.37870621,33.20433714,3.81E-09,3.35E-09,2.912753304,1.113943352,45.64855,24.25563098
1370,31,43,0,4.37,0.069423202,0.063334331,117.9877536,134.7899343,1.21E-08,1.27E-08,3.136720567,1.491361694,21.777,17.26978377
1148,12,15,0,3.88,0.050930881,0.036619737,67.83542205,76.3744907,6.10E-09,6.35E-09,3.059941888,1.079181246,33.70499,4.204527237
1395,13,17,0,4.16,0.056199272,0.041675705,73.21458465,54.49835472,9.26E-09,8.19E-09,3.144574208,1.113943352,36.46233,4.837513073
1141,17,6,0,3.87,0.062559983,0.046374877,52.06360279,48.67502514,5.74E-09,5.96E-09,3.057285644,1.230448921,42.16384,6.684057207
909,11,9,0,3.6,0.05142605,0.037603111,62.22983495,66.33959082,4.71E-09,4.74E-09,2.958563883,1.041392685,41.40247,7.106954489
1615,28,12,0,4.42,0.079878633,0.064289867,64.41395001,62.13863793,6.37E-09,5.91E-09,3.208172527,1.447158031,38.55544,8.267498686
835,8,12,0,3.51,0.049001971,0.035908265,81.13254855,63.25815358,7.33E-09,5.29E-09,2.921686475,0.903089987,41.89258,10.93866449
847,11,13,0,3.53,0.052168788,0.04153331,70.0405601,86.12471903,8.56E-09,1.11E-08,2.92788341,1.041392685,42.46286,14.64403264
1432,31,64,0,4.21,0.049178674,0.039865537,99.05357886,114.6284363,8.50E-09,9.84E-09,3.155943018,1.491361694,13.06747,391.9685238
1380,21,16,0,4.15,0.065402544,0.048572945,76.68241287,75.07734607,6.76E-09,6.71E-09,3.139879086,1.322219295,35.89953,18.47250875
1064,3,9,0,3.78,0.041755144,0.028976791,76.94615767,78.40163067,5.32E-09,4.57E-09,3.026941628,0.477121255,41.80688,18.34152371
926,18,8,0,3.62,0.059022691,0.048949738,60.23801968,65.48149411,5.04E-09,4.79E-09,2.966610987,1.255272505,44.97076,17.32157186
938,17,5,0,3.63,0.065967301,0.050407766,60.37652199,50.34081515,5.08E-09,4.60E-09,2.972202838,1.230448921,43.03088,13.67054784
1142,11,18,0,3.87,0.061133995,0.049038061,81.68146256,78.03968887,7.45E-09,7.19E-09,3.057666104,1.041392685,44.50549,13.79926758
1026,23,8,0,3.73,0.079173689,0.066241117,62.32721467,58.58539791,4.48E-09,3.89E-09,3.011147361,1.361727836,48.33286,16.04757986
1503,26,3,0,4.3,0.084062231,0.066533653,45.73154688,42.96885432,6.13E-09,5.13E-09,3.176958981,1.414973348,48.78257,15.40300868
903,15,6,0,3.59,0.053670641,0.041103045,54.30986252,50.91091757,4.85E-09,4.74E-09,2.95568775,1.176091259,36.22862,12.35921814
1059,15,10,0,3.77,0.049632935,0.043693172,56.51657139,60.66358152,5.03E-09,5.86E-09,3.02489596,1.176091259,33.8229,12.61051067
1349,4,11,0,4.13,0.043621698,0.031526066,56.74181197,52.41024558,6.44E-09,6.80E-09,3.13001195,0.602059991,31.82592,14.26748086
1586,10,7,0,4.39,0.047385613,0.033555515,50.6579626,51.48985957,5.47E-09,5.99E-09,3.200303183,1,30.45617,13.75253283
1232,6,14,0,3.97,0.045652316,0.02929742,71.70035031,63.86194453,6.91E-09,5.92E-09,3.090610708,0.77815125,35.60863,14.81987704
915,9,5,0,3.61,0.052378811,0.037136216,51.80541156,52.25295865,4.58E-09,4.96E-09,2.961421094,0.954242509,36.75521,17.00674311
1217,15,18,0,3.96,0.045945695,0.038786692,69.20641021,101.8062583,5.46E-09,8.36E-09,3.085290578,1.176091259,20.90912,10.09647732
1545,42,52,0,4.34,0.044718798,0.038194568,69.51112385,83.15496696,6.96E-09,8.33E-09,3.188928484,1.62324929,8.861539,17.41549091
1014,4,19,0,3.72,0.040019832,0.031372402,68.01977333,74.50526077,7.43E-09,7.40E-09,3.006037955,0.602059991,26.78216,13.93442165
981,12,12,0,3.69,0.043829813,0.039634965,68.12157677,52.9529729,7.27E-09,5.36E-09,2.991669007,1.079181246,34.6659,19.51347713
965,10,18,0,3.66,0.050547869,0.047647108,83.46497808,73.27658484,8.66E-09,7.34E-09,2.984527313,1,40.92606,20.64678615
718,8,7,0,3.38,0.044311257,0.037652499,54.79140091,50.41441898,5.23E-09,5.68E-09,2.856124444,0.903089987,46.07793,27.75912927
774,14,3,0,3.45,0.057551595,0.03909993,40.9664083,40.82254322,4.58E-09,4.79E-09,2.888740961,1.146128036,42.66309,18.36116972
1008,8,8,0,3.73,0.050544224,0.033191839,60.23719703,50.59102392,7.19E-09,5.81E-09,3.003460532,0.903089987,37.7953,16.51874047
1182,10,13,0,4.26,0.05841679,0.042591428,85.34131528,81.74923985,1.14E-08,1.24E-08,3.072617477,1,16.40748,24.90967946
3099,42,0,55,6.13,0.100973556,0.089293123,8.88E-08,8.80E-08,0.074621817,0.078386644,3.491221576,1.62324929,33.66368,22.04413145
1859,31,0,50,4.7,0.078370803,0.060090462,7.06E-08,8.03E-08,0.062452789,0.06018729,3.26927939,1.491361694,34.10904,21.20538682
2689,32,0,69,5.67,0.077074144,0.075367595,7.97E-08,8.79E-08,0.076494075,0.070830844,3.429590802,1.505149978,27.58628,14.50813833
2216,35,0,72,5.12,0.070014667,0.055392731,1.24E-07,1.41E-07,0.063610961,0.049060379,3.345569756,1.544068044,20.90134,356.3478601
2428,47,0,63,5.36,0.097346898,0.068148692,7.84E-08,7.89E-08,0.092934906,0.087054006,3.385248682,1.672097858,30.92467,20.32536514
2947,68,0,95,5.96,0.098964183,0.082972232,1.83E-07,2.81E-07,0.090377696,0.089067262,3.469380136,1.832508913,21.69672,86.39588414
2112,41,0,78,5,0.083799392,0.061556236,6.80E-08,7.68E-08,0.090452222,0.092944253,3.324693914,1.612783857,28.9433,17.1198637
2824,41,0,66,5.82,0.105387841,0.099333579,1.06E-07,1.15E-07,0.161563602,0.194846746,3.450864692,1.612783857,33.26145,18.60455631
2890,52,0,87,5.9,0.104673703,0.080120488,7.89E-08,8.99E-08,0.128820812,0.13837686,3.460897843,1.716003344,29.808,14.308352
3131,113,0,290,6.18,0.056909929,0.056352567,7.02E-08,7.66E-08,0.071226654,0.073768596,3.495683068,2.053078443,5.94147,149.1963892
3901,180,81,131,7.07,0.067928361,0.052650853,48.57322093,73.37559904,0.028241336,0.053404025,3.59117595,2.255272505,5.03514,302.4341589
4000,126,55,0,7.19,0.069716263,0.05226656,66.00650566,68.8191056,7.08E-09,7.37E-09,3.602059991,2.100370545,6.974209,402.3747918
3865,78,95,0,7.03,0.059756843,0.058839399,90.51607334,94.28173336,8.50E-09,7.89E-09,3.587149498,1.892094603,7.193952,272.6979559
5075,113,70,0,8.43,0.069592087,0.058601836,71.82752442,72.1524494,7.59E-09,7.66E-09,3.705436047,2.053078443,7.585244,353.7507255
4973,157,115,0,8.32,0.080499231,0.062930121,91.19658403,91.26705688,8.42E-09,8.07E-09,3.696618459,2.195899652,6.980295,404.497208
3491,85,76,0,6.6,0.07313055,0.059555044,103.0911531,99.63417714,1.07E-08,9.84E-09,3.542949849,1.929418926,11.90992,173.663819
4451,79,57,0,7.7,0.078299031,0.067445742,91.7135065,92.54617557,1.03E-08,1.19E-08,3.648457594,1.897627091,11.76083,250.5010027
2673,49,46,0,5.65,0.05883105,0.05029906,74.9288741,85.26964092,7.03E-09,7.75E-09,3.426998959,1.69019608,11.81513,263.4525537
3198,64,53,0,6.26,0.087801757,0.062615615,103.9322784,98.95466336,8.56E-09,7.01E-09,3.504878459,1.806179974,21.11006,24.09134848
2420,139,68,0,5.35,0.059676979,0.056729399,60.50169966,62.60336597,6.40E-09,7.15E-09,3.383815366,2.1430148,5.425891,135.3178005
1890,99,38,0,4.74,0.072580305,0.05445271,67.07703667,75.39130126,7.12E-09,7.26E-09,3.276461804,1.995635195,9.992439,299.1543978
3313,52,32,0,6.38,0.070597869,0.06024681,68.43783864,80.33961369,9.09E-09,9.92E-09,3.520221436,1.716003344,15.78257,123.236818
3056,32,31,0,6.09,0.073533148,0.055291399,85.57700487,76.14526136,1.06E-08,9.35E-09,3.48515335,1.505149978,24.2504,4.051122825
2544,50,14,0,5.5,0.06660027,0.061300794,58.96711023,50.00719563,5.63E-09,7.53E-09,3.405517107,1.698970004,19.97514,3.03842907
2378,31,25,0,5.31,0.057614835,0.047853921,70.22066851,73.80903606,5.63E-09,6.21E-09,3.37621185,1.491361694,21.15295,4.026379125
2444,76,50,0,5.38,0.074853866,0.054518483,77.4927467,86.50608106,8.18E-09,9.23E-09,3.388101202,1.880813592,12.05983,180.1047294
3163,55,40,0,6.21,0.0872076,0.068921692,97.0507478,121.6705489,6.71E-09,6.62E-09,3.500099192,1.740362689,20.67073,4.239196907
1844,4,4,0,6.88,0.080978427,0.056975615,77.98681985,60.73610854,3.88E-09,3.83E-09,3.265760917,0.602059991,28.13894,2.999758589
1372,20,0,50,4.14,0.061533502,0.048049077,6.20E-08,5.92E-08,0.056909929,0.050055412,3.137354111,1.301029996,26.56903,18.88337335
1224,18,0,44,3.96,0.056331573,0.042330476,6.87E-08,6.09E-08,0.066593304,0.065992591,3.087781418,1.255272505,37.83358,20.71738293
1096,18,0,31,3.82,0.066317099,0.053290837,9.18E-08,8.88E-08,0.045989951,0.040132109,3.039810554,1.255272505,42.54971,28.40319595
1383,23,0,46,4.15,0.085429792,0.090793612,7.75E-08,6.95E-08,0.068033257,0.06369416,3.14082218,1.361727836,43.44843,29.59373843
1179,15,0,43,3.91,0.05584388,0.044120326,7.67E-08,6.59E-08,0.069578841,0.066449016,3.071513805,1.176091259,38.05888,23.38963344
1380,4,0,48,4.15,0.042305776,0.029198441,6.48E-08,6.03E-08,0.070438623,0.078487369,3.139879086,0.602059991,34.09484,23.54736231
1841,16,0,54,4.68,0.062605462,0.061564254,8.36E-08,8.79E-08,0.078832397,0.089999067,3.265053789,1.204119983,27.89183,20.58841592
1673,14,0,32,4.49,0.053480722,0.04112026,6.61E-08,6.54E-08,0.045421927,0.041430979,3.223495941,1.146128036,36.01081,21.97351942
1015,14,0,39,3.73,0.041881966,0.032391537,1.34E-07,1.67E-07,0.029771768,0.035664113,3.006466042,1.146128036,16.99051,116.5490589
1424,29,0,94,4.2,0.043629468,0.036058244,1.02E-07,1.23E-07,0.046025845,0.058910767,3.153509989,1.462397998,9.19272,411.5251494
1693,18,0,110,4.51,0.037302048,0.030994807,9.12E-08,1.38E-07,0.040399096,0.038496749,3.228656958,1.255272505,9.586895,283.2316725
1496,8,0,58,4.28,0.038079259,0.030115088,7.28E-08,9.86E-08,0.043053778,0.046151407,3.174931594,0.903089987,15.94704,60.82765174
1049,12,0,44,3.76,0.046591553,0.036251577,5.90E-08,5.26E-08,0.046780517,0.048238866,3.020775488,1.079181246,29.08218,17.85718794
1210,8,0,35,3.95,0.034605823,0.030388897,1.52E-07,1.93E-07,0.038692804,0.043404374,3.08278537,0.903089987,22.89157,34.43693954
1623,36,0,61,4.43,0.073842301,0.062896964,9.73E-08,1.01E-07,0.063117938,0.063787513,3.21031852,1.556302501,27.32201,107.0086701
1050,14,0,31,3.76,0.105877438,0.098798577,1.13E-07,1.51E-07,0.132178976,0.126189831,3.021189299,1.146128036,46.2943,49.0175892
1525,15,0,36,4.31,0.066806755,0.054005715,9.58E-08,8.88E-08,0.069942382,0.073917659,3.183269844,1.176091259,48.67814,28.80757341
1744,34,0,36,4.57,0.103531049,0.102761025,1.01E-07,1.16E-07,0.074530453,0.138519072,3.241546481,1.531478917,43.24485,26.73319005
1249,22,0,32,3.99,0.0763826,0.056207496,8.07E-08,6.75E-08,0.047075575,0.04070972,3.096562438,1.342422681,47.45863,26.91100174
1142,16,0,23,3.88,0.064456701,0.060197767,1.14E-07,1.19E-07,0.041573247,0.030232371,3.057666104,1.204119983,44.87845,31.51011662
1374,16,0,42,4.14,0.045288389,0.034163197,1.63E-07,1.66E-07,0.035230698,0.037186947,3.137986733,1.204119983,20.61062,81.61531406
1167,13,0,35,3.9,0.053397832,0.050763211,6.30E-08,5.90E-08,0.050694226,0.059783761,3.067070856,1.113943352,34.46078,17.21612094
856,11,0,47,3.54,0.058893635,0.042615694,9.49E-08,9.38E-08,0.135867829,0.148335896,2.932473765,1.041392685,46.56169,30.0640283
907,14,0,46,3.6,0.052485949,0.045495268,1.42E-07,1.19E-07,0.152640155,0.137777821,2.957607287,1.146128036,46.91098,29.62185972
944,6,0,48,3.64,0.048977079,0.040226781,1.58E-07,1.16E-07,0.167179565,0.161284686,2.974971994,0.77815125,47.67497,31.4161718
1005,10,0,15,3.71,0.062699614,0.052837262,8.52E-08,6.52E-08,0.084920078,0.093313504,3.002166062,1,47.30651,3216.019928
733,5,0,32,3.4,0.048051962,0.06647807,7.61E-08,7.32E-08,0.067962259,0.077206064,2.865103975,0.698970004,49.17979,27.58125898
1046,20,0,46,3.76,0.067385428,0.050995553,7.52E-08,1.19E-07,0.094479432,0.085262545,3.019531685,1.301029996,47.33938,28.88045452
1597,22,0,46,4.4,0.070830059,0.050843319,9.49E-08,8.79E-08,0.098550727,0.1056883,3.203304916,1.342422681,44.47605,26.59056182
1038,18,0,30,3.75,0.072077286,0.051201648,5.77E-08,5.30E-08,0.047194458,0.044866191,3.016197354,1.255272505,46.50608,33.7044188
1690,22,0,31,4.51,0.075212961,0.065483309,1.53E-07,1.92E-07,0.063857856,0.089893275,3.227886705,1.342422681,43.40862,27.3055217
1360,13,0,52,4.12,0.045918481,0.039947816,6.50E-08,7.14E-08,0.049683836,0.053291173,3.133538908,1.113943352,24.89704,17.09858882
998,12,0,37,3.7,0.050694887,0.043435331,6.61E-08,6.02E-08,0.084303537,0.088543714,2.999130541,1.079181246,37.79848,21.16958106
870,10,0,28,3.56,0.047615444,0.035918141,9.23E-08,8.98E-08,0.064406932,0.085313195,2.939519253,1,39.59998,20.86162218
1012,28,0,41,3.72,0.082900541,0.067664806,5.76E-08,5.99E-08,0.072522555,0.06936412,3.005180513,1.447158031,43.45011,26.03418521
1212,27,0,37,3.95,0.085425118,0.06010207,7.43E-08,8.39E-08,0.06595305,0.061583888,3.08350262,1.431363764,44.92591,28.32587309
837,8,0,29,3.52,0.051205493,0.035640778,6.45E-08,7.22E-08,0.053286462,0.064540925,2.922725458,0.903089987,42.17729,28.36160825
1257,21,0,34,4.01,0.062915944,0.05332734,1.11E-07,1.37E-07,0.074572769,0.144498894,3.099335278,1.322219295,34.73772,19.310893
2402,29,0,42,5.32,0.075625672,0.07998634,9.90E-08,1.20E-07,0.055536322,0.05701054,3.380573003,1.462397998,30.69247,17.72777543
1536,22,0,28,4.33,0.070689268,0.053577624,6.56E-08,5.39E-08,0.047079807,0.04783292,3.186391216,1.342422681,35.97472,44.64849582
1475,10,0,54,4.26,0.040320485,0.036251365,1.17E-07,1.40E-07,0.049690316,0.064774958,3.16879202,1,19.86212,36.72671785
1803,21,0,63,4.64,0.036977603,0.03442299,1.01E-07,1.26E-07,0.032695827,0.037930234,3.255995727,1.322219295,10.1905,196.6535508
1576,31,0,54,4.38,0.064841986,0.050051699,8.85E-08,9.08E-08,0.053075773,0.04560823,3.197556213,1.491361694,29.07245,20.96007542
1521,20,0,45,4.31,0.052836993,0.038815969,1.53E-07,1.76E-07,0.04064614,0.031186946,3.182129214,1.301029996,25.2156,22.06254562
1772,29,0,98,4.6,0.047601579,0.044443852,1.27E-07,1.78E-07,0.048144984,0.056593862,3.248463718,1.462397998,10.37102,114.1787955
1715,24,0,56,4.54,0.056894364,0.056862025,1.05E-07,1.11E-07,0.051379013,0.059889827,3.234264124,1.380211242,18.85404,47.9415408
1556,28,0,50,4.35,0.070485304,0.049679544,1.42E-07,1.39E-07,0.096007189,0.113607335,3.192009593,1.447158031,38.54158,5.926553195
1093,17,0,61,3.82,0.061562731,0.044280877,1.25E-07,1.24E-07,0.137149938,0.138299196,3.038620162,1.230448921,40.08134,15.09969167
1521,28,0,45,4.31,0.081706301,0.062603518,1.33E-07,1.50E-07,0.076126922,0.087637765,3.182129214,1.447158031,40.46794,26.51785177
1305,12,0,61,4.06,0.039452414,0.03450393,1.60E-07,1.85E-07,0.069450021,0.110736197,3.115610512,1.079181246,18.98224,112.5918627
1181,6,0,33,4.38,0.036014777,0.043616126,1.57E-07,2.30E-07,0.04720017,0.063399347,3.072249898,0.77815125,13.42999,1013.71106
1532,17,11,0,4.32,0.052792755,0.040212324,53.0806039,52.64816877,5.66E-09,5.20E-09,3.185258765,1.230448921,24.02801,9.579420617
1764,60,45,0,4.59,0.063698573,0.056210752,68.25580761,63.22378719,7.27E-09,7.88E-09,3.246498581,1.77815125,11.08426,22.18638481
1423,16,17,0,4.2,0.049304453,0.046675838,72.37826179,77.35424075,7.28E-09,7.32E-09,3.1532049,1.204119983,31.18089,185.2283799
1743,26,17,0,4.57,0.062306627,0.053987412,66.5166107,79.46354209,4.28E-09,4.01E-09,3.241297387,1.414973348,30.11839,171.6009916
2322,22,20,0,5.24,0.066169558,0.062011248,73.21154379,78.64428106,1.09E-08,1.13E-08,3.365862215,1.342422681,30.3452,13.31452718
2134,25,11,0,5.02,0.060806468,0.043376014,56.63917041,58.61159753,5.75E-09,6.35E-09,3.329194415,1.397940009,26.55559,12.48290571
1993,33,13,0,4.86,0.086550977,0.064709632,64.99523155,64.47766034,5.93E-09,6.50E-09,3.299507299,1.51851394,34.0943,9.433849554
2489,50,36,0,5.43,0.08361106,0.070143719,111.3913725,141.8759885,9.70E-09,1.05E-08,3.396024897,1.698970004,21.11654,7.741295064
1548,64,22,0,4.34,0.092131394,0.065093828,73.71461802,64.26153556,7.34E-09,7.99E-09,3.189770956,1.806179974,24.7121,8.803863806
2174,113,101,0,5.07,0.063937258,0.051222807,76.94601797,81.2322257,8.08E-09,8.78E-09,3.33725954,2.053078443,6.199611,233.4984932
1771,39,18,0,4.59,0.056024605,0.045342379,55.18014203,51.54895125,5.73E-09,6.26E-09,3.248218561,1.591064607,14.40256,32.82946975
2488,20,22,0,5.46,0.046823305,0.044203924,66.25920178,65.71733886,7.88E-09,8.45E-09,3.395850376,1.301029996,16.47298,99.60536812
2274,50,55,0,5.18,0.057321799,0.05345926,93.19764906,96.05248235,9.28E-09,7.91E-09,3.35679046,1.698970004,12.58612,150.3008245
1988,19,44,0,4.85,0.046257871,0.038848081,116.5797882,125.4510639,8.24E-09,7.32E-09,3.29841638,1.278753601,23.89014,215.7512224
2151,35,52,0,5.04,0.059049963,0.05204726,108.9947821,103.9693417,1.09E-08,1.04E-08,3.33264041,1.544068044,17.3621,28.21087852
1897,21,45,0,4.75,0.05202846,0.043832275,98.81422592,82.87931214,9.15E-09,8.65E-09,3.278067331,1.322219295,24.13591,3.74042067
2108,56,57,0,4.99,0.071925012,0.06368641,97.33224823,98.98152562,7.95E-09,7.29E-09,3.323870607,1.748188027,15.46033,24.19940621
1895,35,55,0,4.75,0.060808601,0.05300925,105.3939679,106.8755007,9.71E-09,9.86E-09,3.277609214,1.544068044,17.12383,16.06333837
1257,14,17,0,4.01,0.05640187,0.046065992,74.81513389,85.5708582,9.01E-09,1.10E-08,3.099335278,1.146128036,30.34855,6.378503617
909,26,31,0,4.87,0.052908289,0.056189904,92.66018906,101.0763687,8.78E-09,9.70E-09,2.958563883,1.414973348,11.21398,27.2506582
1347,14,0,46,4.11,0.058591456,0.051430043,6.66E-08,6.29E-08,0.071126345,0.079205045,3.129367596,1.146128036,35.22168,22.72523014
1369,15,0,37,4.14,0.051736383,0.036948084,9.45E-08,1.16E-07,0.044100092,0.045978297,3.136403448,1.176091259,28.61575,21.63717612
1215,25,0,89,3.96,0.035737696,0.035010161,1.04E-07,1.13E-07,0.036966919,0.044634992,3.084576278,1.397940009,8.385858,219.0364275
1329,20,0,45,4.09,0.054957513,0.042538504,1.29E-07,1.55E-07,0.051544987,0.057962753,3.123524981,1.301029996,27.85367,158.001409
1032,11,0,35,3.74,0.048784663,0.03916219,8.53E-08,8.44E-08,0.066501435,0.086252538,3.013679697,1.041392685,38.20947,24.16830152
1006,16,0,30,3.71,0.063134353,0.052546731,8.36E-08,7.62E-08,0.04386772,0.040381992,3.002597981,1.204119983,38.01355,23.27524881
810,12,0,54,3.48,0.050204739,0.03844441,7.98E-08,6.61E-08,0.110659862,0.099713717,2.908485019,1.079181246,41.89366,23.36670738
862,4,0,21,3.56,0.041912616,0.032359714,7.14E-08,6.73E-08,0.040752148,0.032827386,2.935507266,0.602059991,39.63743,37.03168132
1692,19,0,63,4.5,0.055423018,0.049329607,7.87E-08,9.31E-08,0.084790979,0.104212843,3.228400359,1.278753601,29.53077,17.76094429
1148,20,0,50,3.88,0.058670316,0.045196175,8.10E-08,9.31E-08,0.093802198,0.092400064,3.059941888,1.301029996,40.49696,27.01116305
1009,9,0,37,3.72,0.047930852,0.035290444,9.32E-08,9.06E-08,0.067443949,0.07321744,3.003891166,0.954242509,39.5358,24.10790677
1386,18,0,43,4.16,0.059501121,0.04999146,7.29E-08,9.42E-08,0.058266569,0.054417526,3.14176323,1.255272505,39.25485,26.21611116
823,14,0,46,3.5,0.05822214,0.044256375,1.14E-07,1.16E-07,0.079458621,0.074574436,2.915399835,1.146128036,45.25796,26.78352084
1121,11,0,23,3.84,0.054468091,0.040666758,1.03E-07,1.16E-07,0.040579096,0.031173004,3.049605613,1.041392685,37.78958,22.29002364
1223,17,0,41,3.96,0.062387242,0.049439477,7.57E-08,6.70E-08,0.061239645,0.055852973,3.087426457,1.230448921,38.63221,22.03712721
1562,12,0,40,4.36,0.054562973,0.039433516,7.44E-08,8.46E-08,0.059837352,0.06232643,3.19368103,1.079181246,33.03251,21.21086696
1783,16,0,118,4.62,0.033532093,0.033633713,9.22E-08,1.08E-07,0.050653095,0.078472415,3.251151343,1.204119983,9.960961,102.5988358
1518,27,0,124,4.31,0.037053954,0.034941813,9.59E-08,1.21E-07,0.044487832,0.053561811,3.181271772,1.431363764,8.128428,187.3456736
1104,21,0,53,3.83,0.068448716,0.047244075,1.01E-07,9.67E-08,0.110750924,0.097814893,3.042969073,1.322219295,45.99335,24.88013795
893,11,0,38,3.58,0.060069866,0.041058854,6.93E-08,8.52E-08,0.085896909,0.088028931,2.950851459,1.041392685,48.25224,30.22934794
838,12,0,28,3.52,0.048670606,0.038372141,9.40E-08,8.33E-08,0.056860541,0.062706752,2.923244019,1.079181246,48.23333,29.06939453
812,14,0,35,3.49,0.057952623,0.040291335,8.49E-08,9.49E-08,0.066588481,0.063686213,2.909556029,1.146128036,48.17287,27.12356679
1060,21,0,35,3.78,0.061644884,0.04254347,7.73E-08,7.11E-08,0.048418953,0.060131565,3.025305865,1.322219295,35.06251,28.66097786
1832,21,0,229,4.67,0.04358242,0.030524418,9.08E-08,8.99E-08,0.081131479,0.08785424,3.262925469,1.322219295,6.113185,62.0857967
1708,24,0,70,4.52,0.06168607,0.046350752,2.08E-07,2.22E-07,0.134987975,0.236009293,3.232487866,1.380211242,26.91272,6.479554272
1328,13,0,30,4.08,0.055319664,0.05280886,6.66E-08,6.89E-08,0.052959617,0.05594116,3.123198075,1.113943352,37.70802,8.011925138
1142,31,0,56,3.87,0.086506735,0.077543096,7.20E-08,8.75E-08,0.105076403,0.088166502,3.057666104,1.491361694,42.73398,13.81828698
1335,12,0,48,4.1,0.053382519,0.038900157,8.65E-08,9.46E-08,0.086175835,0.102295335,3.125481266,1.079181246,42.3899,17.02019407
1299,24,0,36,4.05,0.081154385,0.073828059,8.76E-08,1.17E-07,0.078714924,0.074372399,3.113609151,1.380211242,37.20877,50.9708486
1386,10,0,44,4.16,0.048223153,0.038270609,1.27E-07,1.50E-07,0.077461902,0.148178786,3.14176323,1,29.40447,16.15427935
1523,9,0,44,4.31,0.047221502,0.038196603,7.36E-08,7.96E-08,0.046787503,0.040286497,3.182699903,0.954242509,29.55217,6.651424127
1023,13,0,56,3.74,0.049655181,0.041746874,9.27E-08,9.69E-08,0.111272826,0.099757462,3.009875634,1.113943352,41.97192,6.740438859
1304,13,0,37,4.06,0.052008445,0.045309672,1.05E-07,1.23E-07,0.056499361,0.068553419,3.115277591,1.113943352,40.30518,8.038981283
978,18,0,26,3.68,0.070518606,0.06547441,1.18E-07,1.17E-07,0.059389507,0.073215817,2.990338855,1.255272505,40.1344,15.18876073
926,8,0,52,3.63,0.052670007,0.04098308,1.44E-07,1.25E-07,0.160608817,0.179820722,2.966610987,0.903089987,44.87711,18.8352319
1317,8,0,30,4.07,0.04305113,0.033062636,8.18E-08,8.15E-08,0.039935238,0.039543575,3.119585775,0.903089987,35.67577,15.30797621
836,9,0,51,3.52,0.052868374,0.038673996,9.72E-08,1.06E-07,0.099227439,0.10577598,2.922206277,0.954242509,41.31345,14.18448315
953,14,0,44,3.65,0.053012265,0.039762126,1.58E-07,1.72E-07,0.102216262,0.155682511,2.979092901,1.146128036,38.5698,11.78622729
1316,17,0,48,4.07,0.048814688,0.037810362,1.27E-07,1.33E-07,0.048488811,0.057754975,3.119255889,1.230448921,22.04456,18.78553271
982,7,0,23,3.68,0.036506292,0.033140607,5.78E-08,6.43E-08,0.042524701,0.044603684,2.992111488,0.84509804,36.76661,6.412047974
801,6,0,50,3.48,0.037768986,0.032831509,6.15E-08,6.34E-08,0.095967509,0.087657205,2.903632516,0.77815125,45.43133,8.380278432
817,16,0,47,3.49,0.058967929,0.056792051,1.24E-07,1.15E-07,0.131613756,0.116797573,2.912222057,1.204119983,47.68567,11.24891788
872,6,0,20,3.56,0.043428855,0.033542526,1.18E-07,1.11E-07,0.052368248,0.070468686,2.940516485,0.77815125,37.17897,7.952923155
3188,2,0,44,6.25,0.033495866,0.01881596,5.90E-08,9.85E-08,0.017656921,0.022342007,3.503518313,0.301029996,3.400342,5.608117609
1648,0,0,8,4.45,0.036675625,0.019196723,3.61E-08,3.23E-08,0.021365927,0.031714695,3.216957207,0,33.31063,0.153067962
1332,1,0,12,4.09,0.023426695,0.01999098,4.33E-08,5.05E-08,0.027378322,0.03577742,3.124504225,0,36.10129,0.426639189
967,20,0,37,3.67,0.057684845,0.044466576,9.20E-08,9.71E-08,0.056336511,0.056101249,2.985426474,1.301029996,29.40292,34.47413855
1228,13,0,31,3.97,0.060346379,0.042535405,1.03E-07,1.04E-07,0.046326865,0.04373393,3.089198367,1.113943352,39.15831,15.5701887
1373,6,0,40,4.14,0.04548076,0.03207414,7.85E-08,8.12E-08,0.067437428,0.072702703,3.137670537,0.77815125,37.39027,14.33913413
1612,9,0,44,4.41,0.047345458,0.03615642,1.32E-07,1.78E-07,0.056777209,0.052115076,3.207365037,0.954242509,35.93545,14.4089459
1202,15,0,26,3.94,0.056974796,0.04567528,9.90E-08,9.52E-08,0.047574671,0.057577073,3.079904468,1.176091259,37.94617,12.81520649
1017,17,0,30,3.73,0.07093421,0.062788782,6.54E-08,7.92E-08,0.068457583,0.078163286,3.007320953,1.230448921,41.07781,1285.847452
1417,14,0,37,4.18,0.056047021,0.041278137,5.58E-08,5.58E-08,0.049458983,0.050084908,3.15136985,1.146128036,36.92304,9.119703678
1559,18,0,39,4.37,0.065505358,0.068716277,1.03E-07,1.18E-07,0.062652539,0.069576869,3.192846115,1.255272505,41.52422,13.34566767
2220,27,0,81,5.12,0.054928533,0.04269463,8.62E-08,9.20E-08,0.080880359,0.106317398,3.346352974,1.431363764,18.8611,21.02890412
1206,23,0,58,3.94,0.072438216,0.057655396,1.33E-07,1.39E-07,0.10047083,0.131310046,3.081347308,1.361727836,35.44742,14.76311323
1018,9,0,22,3.73,0.062549035,0.051853833,5.88E-08,6.80E-08,0.078235965,0.088598059,3.007747778,0.954242509,49.93873,13.27026563
853,21,0,34,3.54,0.074893321,0.053341994,1.85E-07,2.13E-07,0.059461729,0.047388138,2.930949031,1.322219295,50.02078,13.222326
992,2,0,17,3.69,0.02655622,0.027547613,2.44E-07,2.96E-07,0.03355735,0.026916936,2.996511672,0.301029996,49.08694,31.07195391
1589,14,0,23,4.4,0.068055525,0.065225565,1.20E-07,1.13E-07,0.052872683,0.057703592,3.201123897,1.146128036,51.06514,7.12793552
1232,16,0,22,3.99,0.06987446,0.063063544,7.52E-08,7.44E-08,0.046029607,0.054351779,3.090610708,1.204119983,48.64575,5.267322404
1043,22,0,32,3.76,0.069784447,0.05169099,6.51E-08,6.45E-08,0.044595909,0.041768077,3.018284308,1.342422681,40.84334,5.94715541
1856,31,0,75,4.7,0.070438873,0.062086633,9.06E-08,1.11E-07,0.088929809,0.086184904,3.268577972,1.491361694,23.62199,7.012342016
1816,26,0,54,4.65,0.070481855,0.062833183,7.67E-08,9.64E-08,0.094417909,0.12311405,3.259115844,1.414973348,32.49092,7.077637961
1604,11,0,33,4.4,0.056752601,0.039281623,7.23E-08,7.84E-08,0.062068339,0.075641654,3.205204364,1.041392685,41.58253,8.93541917
1849,8,0,22,4.69,0.059141252,0.043221145,1.59E-07,1.75E-07,0.044567177,0.035875688,3.266936911,0.903089987,47.18459,79.93056581
1489,20,0,37,4.28,0.073239276,0.057712411,8.00E-08,8.72E-08,0.071468233,0.088147838,3.172894698,1.301029996,48.91761,3.844263424
1694,26,0,52,4.51,0.084454664,0.066394643,8.23E-08,8.64E-08,0.122023552,0.12073424,3.228913406,1.414973348,47.88267,7.214342586
2965,68,0,95,5.99,0.094257734,0.069341767,1.13E-07,1.57E-07,0.120805741,0.146132026,3.472024698,1.832508913,19.77567,18.54899324
1316,34,0,63,4.07,0.091591833,0.082230833,5.70E-08,6.07E-08,0.11224707,0.095728047,3.119255889,1.531478917,35.48707,14.31088999
1069,36,0,47,3.79,0.123543236,0.113239729,9.30E-08,9.92E-08,0.131544971,0.132506708,3.028977705,1.556302501,45.3019,18.25263631
1003,29,0,41,3.71,0.08805044,0.06847866,1.98E-07,2.23E-07,0.082917576,0.09000436,3.001300933,1.462397998,47.78216,53.85641781
1149,13,0,22,3.88,0.049734278,0.047457194,1.61E-07,1.58E-07,0.03574509,0.036712379,3.060320029,1.113943352,35.92078,80.27768211
2070,29,0,54,4.95,0.072895171,0.056944073,7.93E-08,7.89E-08,0.07086863,0.066976712,3.315970345,1.462397998,32.64444,6.248150695
1178,10,0,20,3.91,0.063164368,0.048501397,8.24E-08,1.04E-07,0.063884948,0.07503745,3.07114529,1,45.76004,25.0151561
1687,30,0,81,4.5,0.055738934,0.044054243,1.35E-07,1.73E-07,0.072855966,0.101606817,3.227115083,1.477121255,17.75902,7.608996717
1262,24,0,33,4.01,0.082722035,0.071718069,7.84E-08,7.52E-08,0.058094967,0.04802602,3.101059355,1.380211242,37.85509,8.561967561
2091,26,0,40,4.97,0.080558143,0.054831342,1.24E-07,1.12E-07,0.084465773,0.10972386,3.320354033,1.414973348,43.07951,66.59704432
1716,6,0,17,4.53,0.039849216,0.035753158,2.17E-07,2.69E-07,0.032246419,0.0325342,3.234517284,0.77815125,44.99424,93.0791752
2461,117,0,206,5.4,0.076609176,0.069775403,1.32E-07,1.56E-07,0.092794527,0.122269221,3.391111614,2.068185862,7.649356,22.14795144
2674,0,0,0,6.53,0.015922467,0.009473288,1.54E-07,1.15E-07,0.009908628,0.007182774,3.427161403,0,17.36202,52.80574678
1295,11,37,0,4.05,0.042278052,0.033659534,104.3048786,110.4727153,9.94E-09,1.06E-08,3.112269768,1.041392685,22.07994,6.777787948
1314,19,4,0,4.07,0.061093938,0.058463239,48.84860639,50.20660157,4.94E-09,4.56E-09,3.118595365,1.278753601,35.67532,11.32494326
1295,18,7,0,4.05,0.067559847,0.048484601,50.18455675,50.14911829,5.70E-09,6.28E-09,3.112269768,1.255272505,40.35595,12.90744834
1014,13,13,0,3.72,0.051035681,0.038518165,79.63923246,64.74969733,5.69E-09,5.00E-09,3.006037955,1.113943352,41.85402,10.1148672
1154,19,29,0,3.88,0.0703344,0.057143746,129.6353014,120.2810406,1.08E-08,9.86E-09,3.062205809,1.278753601,40.35998,6.410848605
1057,30,35,0,3.77,0.054603824,0.04741875,88.80867974,102.6149332,9.32E-09,1.01E-08,3.024074987,1.477121255,20.80455,5.767480419
1356,26,41,0,4.12,0.049251123,0.050021075,90.72129551,88.74870821,8.36E-09,8.64E-09,3.13225969,1.414973348,17.51955,20.76208273
1150,17,12,0,3.88,0.05377631,0.044997362,62.94887481,70.82132023,5.74E-09,5.97E-09,3.06069784,1.230448921,25.70104,8.614695962
1447,14,7,0,4.23,0.051500714,0.0445237,53.77210666,48.33172738,7.26E-09,7.28E-09,3.160468531,1.146128036,24.27906,10.26931956
1275,13,7,0,4.02,0.046482116,0.034157066,53.14386053,41.91972197,5.37E-09,5.35E-09,3.105510185,1.113943352,28.16526,11.19663968
1329,11,0,0,4.09,0.052666143,0.042066344,38.17315518,30.53208707,3.74E-09,3.59E-09,3.123524981,1.041392685,36.2402,13.17039265
1251,15,9,0,4,0.059003511,0.046632706,59.12282364,50.33275173,6.01E-09,4.44E-09,3.09725731,1.176091259,28.34254,13.30105115
1829,18,8,0,4.67,0.048967899,0.04999436,43.42205194,41.17327249,4.43E-09,4.35E-09,3.262213705,1.255272505,21.3794,8.465688728
1439,14,12,0,4.22,0.040932623,0.034000178,46.7564112,50.52132325,4.42E-09,4.76E-09,3.158060794,1.146128036,21.78545,8.0028355
1142,58,35,0,3.87,0.058814949,0.052222835,72.21332996,70.40717839,5.55E-09,5.44E-09,3.057666104,1.763427994,12.60472,81.18571532
966,7,26,0,3.67,0.040917056,0.032332896,83.60784665,82.15675889,8.53E-09,8.73E-09,2.984977126,0.84509804,28.71226,9.727522345
1063,14,46,0,3.78,0.046449742,0.037093155,117.1226993,116.3297709,1.21E-08,1.27E-08,3.026533265,1.146128036,21.28893,57.69233338
1065,24,12,0,3.78,0.060558728,0.049068329,59.03701012,73.66016719,7.15E-09,7.82E-09,3.027349608,1.380211242,31.93832,5.775882503
1673,21,4,0,4.48,0.065855722,0.051240083,44.20595646,37.90819401,6.15E-09,5.68E-09,3.223495941,1.322219295,31.50548,4.978079655
1678,25,15,0,4.49,0.061307338,0.050947466,63.78588083,71.60764109,7.11E-09,6.70E-09,3.224791956,1.397940009,29.99907,8.228988053
1385,11,13,0,4.15,0.04763904,0.035176092,61.21991538,61.03283338,6.60E-09,6.69E-09,3.141449773,1.041392685,30.87736,11.42242806
1579,23,7,0,4.38,0.066900136,0.043576209,51.89520822,53.51205698,5.22E-09,5.17E-09,3.19838213,1.361727836,30.2019,16.22351901
1296,14,6,0,4.05,0.047279505,0.037244635,43.46811808,41.89518321,3.47E-09,3.88E-09,3.112605002,1.146128036,27.5933,13.96376324
1458,9,10,0,4.24,0.048168912,0.03276626,53.68759355,62.68834394,5.85E-09,5.79E-09,3.163757524,0.954242509,30.90397,16.35975245
1239,3,14,0,3.98,0.042423638,0.032627259,78.895217,88.34117878,5.36E-09,5.04E-09,3.093071306,0.477121255,31.28631,17.83186847
